name,extension,type,size_kb,days_since_modified,important_keyword,important
(AAFCB)_(AAFCB)_Digitalizado_20260205-1419.pdf,pdf,document,287.83203125,13,0,0
1215405983019307008.ogg,ogg,other,22.376953125,26,0,0
AnyDesk.exe,exe,other,7758.9296875,160,0,0
Apostila ROMANOS EBD 2025.pdf,pdf,document,1819.5341796875,15,0,0
ArcInstaller.exe,exe,other,1957.3984375,4,0,0
Aula 0 Setup do Projeto - Bootcamp Treinos.mp4,mp4,other,1095352.138671875,7,1,1
AULA 2 BACK-END.txt,txt,document,0.1083984375,6,0,0
boleto.pdf,pdf,document,62.8115234375,35,0,0
bootcamp-treinos-certificado.pdf,pdf,document,32403.5576171875,7,0,0
Carrinho F1 1_43 - Lando Norris - Edição Senna (c_acrílico) Cyber Yellow.pdf,pdf,document,7.283203125,55,0,0
certificado.pdf,pdf,document,32403.5576171875,0,0,0
comandos usados (ordenado).txt,txt,document,2.1201171875,6,0,0
como_fazer_seu_perfil_de_linkedin_se_destacar_2025.pdf,pdf,document,976.51171875,63,0,0
COMPLETO+PROGRAMADOR+MILIONÁRIO.pdf,pdf,document,10707.6728515625,40,0,0
CRONOGRAMA DE TCC II - ARQUITETURA-ENGENHARIAS E TI - 2026-1 (1).pdf,pdf,document,172.9619140625,13,1,1
CRONOGRAMA DE TCC II - ARQUITETURA-ENGENHARIAS E TI - 2026-1.pdf,pdf,document,172.9619140625,21,1,1
desktop.ini,ini,other,0.275390625,267,0,0
Diogo_e_Eduardo_Anexo_A_-_TCC2_assinado_assinado.pdf,pdf,document,530.20703125,13,1,1
DUA.pdf,pdf,document,228.3359375,60,0,0
escala Min louvor MARÇO 2026.pdf,pdf,document,107.017578125,9,0,0
Escala Min. Louvor JANEIRO 2026.pdf,pdf,document,81.8330078125,65,0,0
FIIPT_Foto faixada.jpg,jpg,image,279.16015625,13,0,0
FII_Interna Pousada.jpg,jpg,image,278.0224609375,13,0,0
flstudio_win64_25.2.4.5242.exe,exe,other,1036997.28125,20,0,0
frente.jpeg,jpeg,image,79.703125,6,0,0
GuiadoJovensCristos.pdf,pdf,document,61299.2373046875,40,0,0
imprimir.zip,zip,other,2791.5029296875,41,0,0
Jovens+Cristaos+++Brindes.zip,zip,other,99387.9765625,40,0,0
nubankP.pdf,pdf,document,63.171875,35,0,0
nvm-setup.exe,exe,other,5480.7578125,16,0,0
refund_voucher_40196965718.pdf,pdf,document,5.8896484375,55,0,0
TCC_Backup_Inteligente[1].docx,docx,document,328.212890625,60,1,1
TemplatesePromptsLinkedIn.pdf,pdf,document,361.400390625,6,0,0
verso.jpeg,jpeg,image,71.5400390625,6,0,0
VISTORIA_ALVARA_AUTORIZACAO.pdf,pdf,document,509.033203125,13,0,0
workout-plan.json,json,other,2.5458984375,8,0,0
6800229_05032026.pdf,pdf,document,47.322265625,13,0,0
bl.421226365_41014355328_002002202602.02252026024718.temp.output.pdf,pdf,document,71.7705078125,13,0,0
bl.421526994_41014355329_002002202602.02252026024718.temp.output.pdf,pdf,document,71.7275390625,13,0,0
bl.421526998_41014355330_002002202602.02252026024718.temp.output.pdf,pdf,document,79.66015625,13,0,0
bl.421527002_41014355331_002002202602.02252026024718.temp.output.pdf,pdf,document,79.779296875,13,0,0
Docker Desktop Installer.exe,exe,other,612898.921875,8,0,0
edp.pdf,pdf,document,744.6318359375,13,0,0
Fatura6615791.pdf,pdf,document,239.3623046875,13,0,0
Fatura6616256.pdf,pdf,document,239.345703125,13,0,0
zen.installer.exe,exe,other,91121.9921875,4,0,0
Forza Horizon.iso,iso,other,8534030.0,51,0,0
Mooer Studio For GE200 V2.0.3_20220518 Setup_win.exe,exe,other,3451.904296875,1,0,0
Read Me.txt,txt,document,0.4716796875,1,0,0
SIVA A.amp,amp,other,2.0078125,1,0,0
SIVA B.amp,amp,other,2.0078125,1,0,0
TAXIDEA TAXUS A.amp,amp,other,2.0078125,1,0,0
TAXIDEA TAXUS B.amp,amp,other,2.0078125,1,0,0
hello.py,py,code,0.9453125,91,0,0
LICENSE.txt,txt,document,11.091796875,91,0,0
NOTICE.txt,txt,document,0.1083984375,91,0,0
baby1990.html,html,other,62.7294921875,91,0,0
baby1992.html,html,other,62.744140625,91,0,0
baby1994.html,html,other,62.7392578125,91,0,0
baby1996.html,html,other,62.7373046875,91,0,0
baby1998.html,html,other,62.7255859375,91,0,0
baby2000.html,html,other,62.6943359375,91,0,0
baby2002.html,html,other,62.646484375,91,0,0
baby2004.html,html,other,62.6474609375,91,0,0
baby2006.html,html,other,62.66015625,91,0,0
baby2008.html,html,other,68.271484375,91,0,0
babynames.py,py,code,1.841796875,91,0,0
babynames.py,py,code,3.8203125,91,0,0
alice.txt,txt,document,145.0927734375,91,0,0
list1.py,py,code,2.8330078125,91,0,0
list2.py,py,code,2.111328125,91,0,0
mimic.py,py,code,2.0908203125,91,0,0
small.txt,txt,document,0.1201171875,91,0,0
string1.py,py,code,3.32421875,91,0,0
string2.py,py,code,2.3154296875,91,0,0
wordcount.py,py,code,2.072265625,91,0,0
list1.py,py,code,3.568359375,91,0,0
list2.py,py,code,2.7109375,91,0,0
mimic.py,py,code,2.9443359375,91,0,0
string1.py,py,code,3.9912109375,91,0,0
string2.py,py,code,3.0751953125,91,0,0
wordcount.py,py,code,3.4599609375,91,0,0
copyspecial.py,py,code,1.21484375,91,0,0
xyz__hello__.txt,txt,document,0.0634765625,91,0,0
zz__something__.jpg,jpg,image,70.619140625,91,0,0
copyspecial.py,py,code,2.5341796875,91,0,0
animal_code.google.com,com,other,17.1005859375,91,0,0
logpuzzle.py,py,code,1.5283203125,91,0,0
place_code.google.com,com,other,170.0166015625,91,0,0
logpuzzle.py,py,code,3.099609375,91,0,0
Antecedentes - Sistema Antecedentes _ Secretaria de Segurança Pública e Defesa Social do Estado do Espírito Santo.pdf,pdf,document,279.126953125,41,0,0
bl.421226365_40993772942_002001202602.01242026094925.temp.output.pdf,pdf,document,71.75,41,0,0
bl.421526994_40993772943_002001202602.01242026094925.temp.output.pdf,pdf,document,71.7333984375,41,0,0
bl.421526998_40993772944_002001202602.01242026094925.temp.output.pdf,pdf,document,86.9482421875,41,0,0
bl.421527002_40993772945_002001202602.01242026094925.temp.output.pdf,pdf,document,79.671875,41,0,0
BOLETO_279131910_20260202094024386.pdf,pdf,document,12.80859375,41,0,0
cesan.pdf,pdf,document,234.07421875,41,0,0
ESCEFATELBT03_00000000227648105470_0000001848A.pdf,pdf,document,2005.2216796875,41,0,0
Fatura6615790.pdf,pdf,document,239.3515625,41,0,0
Fatura6616255.pdf,pdf,document,239.2744140625,41,0,0
uvv.pdf,pdf,document,46.7119140625,41,0,0
_certificado (2).pdf,pdf,document,254.2958984375,41,0,0
_certificado (3).pdf,pdf,document,253.697265625,41,0,0
_certificado (4).pdf,pdf,document,253.984375,41,0,0
Imersão-----Parte--5.pptx,pptx,other,697.1591796875,63,0,0
Imersão--Parte-----1.pdf,pdf,document,185.4755859375,75,0,0
Imersão--Parte-----2.pdf,pdf,document,1360.0009765625,70,0,0
Imersão--Parte-----3.pdf,pdf,document,980.826171875,68,0,0
Imersão--Parte-----4.pdf,pdf,document,487.37890625,67,0,0
Imersão--Parte-----6--e--7.pdf,pdf,document,236.494140625,63,0,0
XeniaManager.exe,exe,other,78125.7060546875,51,0,0
2atvkbqw.ico,ico,other,5.560546875,51,0,0
o54dhlir.png,png,image,96.4521484375,51,0,0
ppj5ncvj.jpg,jpg,image,67.666015625,51,0,0
config.json,json,other,2.1689453125,51,0,0
games.json,json,other,0.90234375,51,0,0
games.json.backup,backup,other,0.90234375,51,0,0
gamecontrollerdb.txt,txt,document,574.07421875,51,0,0
LICENSE,license,other,1.4697265625,55,0,0
portable.txt,txt,document,0.0,51,0,0
recent.toml,toml,other,0.125,51,0,0
xenia-canary.config.toml,toml,other,58.99609375,51,0,0
xenia.log,log,other,14933.275390625,51,0,0
xenia_canary.exe,exe,other,14665.5,55,0,0
executable_addr_flags.bin,bin,other,14400.25,51,0,0
executable_addr_flags.bin,bin,other,1472.25,51,0,0
executable_addr_flags.bin,bin,other,2048.25,51,0,0
4D5309C9.rtv.d3d12.xpso,xpso,other,45.85546875,51,0,0
4D5309C9.xsh,xsh,other,434.3984375,51,0,0
Forza Horizon.config.toml,toml,other,58.99609375,51,0,0
xenia-canary.config.toml,toml,other,59.28515625,51,0,0
marketplace.header,header,other,0.3203125,51,0,0
ForzaProfile,forzaprofile,other,50.0078125,51,0,0
GameplayLog,gameplaylog,other,1024.0078125,51,0,0
PlayerDatabase,playerdatabase,other,6144.0078125,51,0,0
VersionFlags,versionflags,other,0.1328125,51,0,0
1.liv,liv,other,0.50390625,51,0,0
ForzaProfile.header,header,other,0.3203125,51,0,0
4D5309C9.gpd,gpd,other,43.623046875,51,0,0
Account,account,other,0.39453125,51,0,0
FFFE07D1.gpd,gpd,other,13.16015625,51,0,0
4D5309C9 - Forza Horizon.patch.toml,toml,other,1.3779296875,51,0,0
Background.jpg,jpg,image,67.666015625,51,0,0
Boxart.png,png,image,96.4521484375,51,0,0
Icon.ico,ico,other,5.560546875,51,0,0
Log-20260124.log,log,other,64.09765625,51,0,0
18 - Aprendendo Git e GitHub.pdf,pdf,document,639.9951171875,1447,0,0
ex001.html,html,other,1.0732421875,1475,0,0
desafio01.py,py,code,0.0791015625,1476,0,0
desafio02.py,py,code,0.201171875,1476,0,0
desafio03.1.py,py,code,0.1005859375,1476,0,0
desafio03.2.py,py,code,0.0986328125,1476,0,0
IDLE (Python 3.10 64-bit).lnk,lnk,other,2.634765625,1496,0,0
teste01.py,py,code,0.24609375,1476,0,0
Como se tornar um Desenvolvedor Full-Stack.pdf,pdf,document,1812.9423828125,1491,0,0
COMPLETO PROGRAMADOR MILIONÁRIO.pdf,pdf,document,10707.6728515625,1489,0,0
O caminho para dominar as tecnologias mais poderosas do Universo Full-Stack.pdf,pdf,document,2369.34765625,1489,0,0
ordem.pdf,pdf,document,306.2705078125,1489,0,0
danki_bg.jpg,jpg,image,46.451171875,3553,0,0
index.html,html,other,0.9375,1377,0,0
landscape.jpg,jpg,image,79.251953125,1868,0,0
settings.json,json,other,0.041015625,1377,0,0
style.css,css,other,0.876953125,1377,0,0
audio.ogg,ogg,other,13.5634765625,1890,0,0
audio.ogv,ogv,other,13.5634765625,1890,0,0
aula1.html,html,other,0.3828125,1883,0,0
aula2.html,html,other,0.2001953125,1897,0,0
aula3.html,html,other,0.1455078125,1897,0,0
aula4.html,html,other,0.75390625,1883,0,0
horse.ogg,ogg,other,13.5634765625,1890,0,0
marcando-website.html,html,other,1.32421875,1890,0,0
seo-smo.html,html,other,0.748046875,1888,0,0
video-audio.html,html,other,0.294921875,1890,0,0
video.mp4,mp4,other,770.0126953125,1890,0,0
cachorro.png,png,image,927.009765625,1897,0,0
aa.png,png,image,50.6826171875,1530,0,0
index.html,html,other,0.3466796875,1441,0,0
style.css,css,other,0.0654296875,1440,0,0
index.html,html,other,0.6103515625,1440,0,0
style.css,css,other,0.2080078125,1440,0,0
index.html,html,other,0.8154296875,1440,0,0
style.css,css,other,0.2744140625,1440,0,0
index.html,html,other,0.568359375,1440,0,0
style.css,css,other,0.1708984375,1440,0,0
index.html,html,other,0.3671875,1440,0,0
style.css,css,other,0.0654296875,1440,0,0
download.jpg,jpg,image,11.06640625,1440,0,0
index.html,html,other,0.3427734375,1440,0,0
jj.webp,webp,other,488.21875,1440,0,0
landscape.jpg,jpg,image,79.251953125,1440,0,0
style.css,css,other,0.482421875,1440,0,0
index.html,html,other,0.3974609375,1436,0,0
style.css,css,other,0.341796875,1436,0,0
index.html,html,other,0.837890625,1436,0,0
style.css,css,other,0.4140625,1436,0,0
index.html,html,other,1.775390625,1434,0,0
style.css,css,other,0.3701171875,1434,0,0
index.html,html,other,1.4814453125,1854,0,0
landscape.jpg,jpg,image,79.251953125,1868,0,0
style.css,css,other,0.408203125,1854,0,0
index.html,html,other,0.4423828125,1434,0,0
style.css,css,other,0.150390625,1434,0,0
index.html,html,other,0.353515625,1430,0,0
style.css,css,other,0.3798828125,1430,0,0
01 - aula.html,html,other,0.2822265625,1477,0,0
02 - aula.html,html,other,0.4599609375,1468,0,0
03 - aula.html,html,other,0.6669921875,1468,0,0
04 - aula.html,html,other,0.6435546875,1468,0,0
05 - aula.html,html,other,0.8623046875,1468,0,0
06 - aula.html,html,other,1.32421875,1467,0,0
07 - aula.html,html,other,0.4931640625,1462,0,0
pedal-de-loop.png,png,image,302.6064453125,1468,0,0
seo-smo.html,html,other,0.6865234375,1451,0,0
Amplificadores.png,png,image,58.8359375,1468,0,0
mov_bbb.mp4,mp4,other,770.0126953125,1465,0,0
horse.ogg,ogg,other,13.5634765625,1465,0,0
index.html,html,other,0.373046875,1347,0,0
style.css,css,other,0.6455078125,1347,0,0
aa.jpg,jpg,image,17.958984375,1118,0,0
aa.png,png,image,50.6826171875,1530,0,0
astronaut-space-13-4k.jpg,jpg,image,1603.3076171875,1652,0,0
ns.txt,txt,document,0.267578125,311,0,0
wave.jpg,jpg,image,71.609375,1029,0,0
materialbonus-redacaovix.pdf,pdf,document,765.81640625,1589,0,0
1dba8b69-c5b7-317e-92ed-80fafa7fed90.doc,doc,document,45.5,1585,0,0
6cd53551-189b-6674-ef2b-ca3587baca72.docx,docx,document,198.5302734375,1605,0,0
84369d6b-954b-eb80-6a72-ce8d7d8045ed.pptx,pptx,other,2283.75,1614,0,0
c2db3b55-603b-a8bd-1b71-4db1bdf13a1e.docx,docx,document,317.5966796875,1587,0,0
Engenharia Genética.pdf,pdf,document,957.3076171875,1671,0,0
Exercicios - Membrana Plasmatica 1.pdf,pdf,document,308.99609375,1614,0,0
Exercicios - Membrana Plasmatica 2.pdf,pdf,document,1138.181640625,1614,0,0
Exercicios - Membrana Plasmatica 3.pdf,pdf,document,234.806640625,1614,0,0
1_2021_Apostila-ENEM_EXTRA_Ling-Gram_e_Cien_Hum.pdf,pdf,document,4339.9189453125,1610,0,0
2021_Apost_Rev-ENEM_Linguagens_e_Cien_Humanas.pdf,pdf,document,3679.2822265625,1588,0,0
2_2021_Apostila_ENEM_EXTRA_Cien_Nat_e_Matem..pdf,pdf,document,4667.4052734375,1610,0,0
3_2021_Apost_Rev-ENEM_C_Natureza_e_Matematica.pdf,pdf,document,3082.318359375,1581,0,0
2021_Curso_Faculd_Particulares_Biologia_Fred_Aula_1_11-08.pdf,pdf,document,467.8818359375,1588,0,0
2021_Curso_Faculd_Particulares_Biologia_Fred_Aula_2_15-09.pdf,pdf,document,352.2041015625,1588,0,0
2021_Curso_Faculd_Particulares_Biologia_Fred_Aula_3_29-09.pdf,pdf,document,828.94921875,1588,0,0
2021_Curso_Faculd_Partic_Biologia_Helder_Aula_1_25-08.pdf,pdf,document,2008.6181640625,1588,0,0
2021_Curso_Faculd_Partic_Biologia_Helder_Aula_2_29-09.pdf,pdf,document,2010.767578125,1588,0,0
2021_Curso_Faculd_Partic_Biologia_Helder_Aula_3_18-10.pdf,pdf,document,472.939453125,1588,0,0
2021_Curso_Faculd_Partic_Biologia_Marcio_Lista_Ciclo_Celular_01-09.pdf,pdf,document,355.521484375,1588,0,0
2021_Curso_Faculd_Partic_Biologia_Marcio_Lista_Ciclo_Celular_Caderno_Conteudo.pdf,pdf,document,3491.9482421875,1588,0,0
2021_Curso_Faculd_Partic_Biologia_Marcio_Lista_de_Revisao_06-10.pdf,pdf,document,240.5244140625,1588,0,0
2021_Curso_Faculd_Partic_Biologia_Mitose_X_Meiose_e_Microscopia.pdf,pdf,document,6350.498046875,1588,0,0
2021_Curso_Faculd_Part_Bio_James_Aula_1_Evol_e_Reprod_18-08.pdf,pdf,document,3035.634765625,1588,0,0
2021_Curso_Faculd_Partic_Geogr_Aula_01_23-08.pdf,pdf,document,76.263671875,1588,0,0
2021_Curso_Faculd_Particulares_Gramatica_Gina_Aula_1_09-08.pdf,pdf,document,618.7998046875,1588,0,0
2021_Curso_Faculd_Particulares_GramAtica_Gina_Aula_2_16-08.pdf,pdf,document,332.59765625,1588,0,0
2021_Curso_Faculd_Particulares_Gramatica_Gina_Aula_3_30-08.pdf,pdf,document,448.3271484375,1588,0,0
2021_Curso_Faculd_Particulares_Gramatica_Gina_Aula_4_20-09.pdf,pdf,document,284.95703125,1588,0,0
2021_Curso_Faculd_Part_Hist_Abdulah_Rev_Conteudos_Rep_do_Brasi_Modulo_2-04-10.pdf,pdf,document,3200.7822265625,1588,0,0
2021_Curso_Faculd_Part_Hist_Abdulah_Rev_Tematica_Atualidades_Modulo_1-23-08.pdf,pdf,document,1967.369140625,1588,0,0
2021_Curso_Faculd_Particulares_Matem_Favalessa_Aula_01_16-08.pdf,pdf,document,182.52734375,1588,0,0
2021_Curso_Faculd_Particulares_Matem_Wellington_Aula_01_09-08.pdf,pdf,document,250.9267578125,1588,0,0
2021_Curso_Faculd_Particulares_Matem_Wellington_Aula_02_22-09.pdf,pdf,document,351.6103515625,1588,0,0
2021_Curso_Faculd_Particulares_Quimica_Borges_Aula_1_18-08.pdf,pdf,document,98.45703125,1588,0,0
2021_Curso_Faculd_Particulares_Quimica_Borges_Aula_1_Slide_18-08.pdf,pdf,document,116.650390625,1588,0,0
2021_Curso_Faculd_Particulares_Quimica_Borges_Aula_2_29-09.pdf,pdf,document,115.8291015625,1588,0,0
2021_Curso_Faculd_Particulares_Quimica_Borges_Aula_2_Slide_29-09.pdf,pdf,document,207.416015625,1588,0,0
2021_Curso_Faculd_Particulares_Quimica_Jorginho_Aula_1_11-08.pdf,pdf,document,1329.38671875,1588,0,0
2021_Curso_Faculd_Particulares_Quimica_Lessa_Aula_1_02-09.pdf,pdf,document,127.8759765625,1588,0,0
2021_Curso_Faculd_Particulares_Quimica_Lessa_Aula_2_22-09.pdf,pdf,document,193.97265625,1588,0,0
2021_Curso_Faculd_Part_Quimica_Sheila_Aula_01_23-08.pdf,pdf,document,401.9638671875,1588,0,0
2021_Curso_Faculd_Partic_Redacao_Ana_Paula_Parte_1_13-09.pdf,pdf,document,1066.26953125,1588,0,0
2021_Curso_Faculd_Partic_Redacao_Ana_Paula_Parte_2_27-09.pdf,pdf,document,195.42578125,1588,0,0
2021_1_Sim_Enem-ON-LINE_11-04_Ling_e_Cien_Hum.pdf,pdf,document,2616.1953125,1588,0,0
2021_1_Sim_Enem-ON-LINE_11-04_Ling_e_Cien_Hum_Gab.pdf,pdf,document,3115.0478515625,1588,0,0
2021_1_Sim_Enem-ON-LINE_18-04_Cienc_da_Nat_e_Matem.pdf,pdf,document,1782.2158203125,1588,0,0
2021_1_Sim_Enem-ON-LINE_18-04_Cienc_da_Nat_e_Matem_Gab.pdf,pdf,document,3993.078125,1588,0,0
2021_2_Sim_Enem-ON-LINE_23-05_Ling_e_Cien_Hum.pdf,pdf,document,4600.9111328125,1588,0,0
2021_2_Sim_Enem-ON-LINE_23-05_Ling_e_Cien_Hum_Resol.pdf,pdf,document,4988.8203125,1588,0,0
2021_2_Sim_Enem-ON-LINE_30-05_Cienc_da_Nat_e_Matem.pdf,pdf,document,1870.294921875,1588,0,0
2021_2_Sim_Enem-ON-LINE_30-05_Cienc_da_Nat_e_Matem_Resolvido.pdf,pdf,document,2459.162109375,1588,0,0
2021_3_Sim_Enem-ON-LINE_04-07_Ling_e_Cien_Hum.pdf,pdf,document,6945.658203125,1588,0,0
2021_3_Sim_Enem-ON-LINE_04-07_Ling_e_Cien_Hum_Resol.pdf,pdf,document,3652.904296875,1588,0,0
2021_3_Sim_Enem-ON-LINE_11-07_Cienc_da_Nat_e_Matem.pdf,pdf,document,3480.025390625,1588,0,0
2021_3_Sim_Enem-ON-LINE_11-07_Cienc_da_Nat_e_Matem_Resolvido.pdf,pdf,document,5423.88671875,1588,0,0
2021_4_Sim_Enem-22-08_Ling_e_Cien_Hum.pdf,pdf,document,2574.6875,1588,0,0
2021_4_Sim_Enem-22-08_Ling_e_Cien_Hum_Resol.pdf,pdf,document,3316.7041015625,1588,0,0
2021_4_Sim_Enem-ON-LINE_29-08_Cienc_da_Nat_e_Matem.pdf,pdf,document,2262.6298828125,1588,0,0
2021_4_Sim_Enem-ON-LINE_29-08_Cienc_da_Nat_e_Matem_Resol.pdf,pdf,document,3489.1435546875,1588,0,0
2021_5_Sim_Enem-ON-LINE_07-11_Cienc_da_Nat_e_Matem.pdf,pdf,document,2155.75,1588,0,0
2021_5_Sim_Enem-ON-LINE_07-11_Cienc_da_Nat_e_Matem_Resol.pdf,pdf,document,3076.40625,1588,0,0
2021_5_Sim_Enem-ON-LINE_31-10_Ling_e_Cien_Hum.pdf,pdf,document,2261.7568359375,1588,0,0
2021_5_Sim_Enem-ON-LINE_31-10_Ling_e_Cien_Hum_Resol.pdf,pdf,document,3109.6240234375,1588,0,0
2021_Sim_Enem-EXTRA_Ling_e_Cien_Hum.pdf,pdf,document,2455.837890625,1588,0,0
2021_Sim_Enem-EXTRA_Ling_e_Cien_Hum_Resol.pdf,pdf,document,3099.71875,1588,0,0
2021_Sim_Enem_EXTRA__Cienc_da_Nat_e_Matem.pdf,pdf,document,6921.025390625,1588,0,0
2021_Sim_Enem_EXTRA__Cienc_da_Nat_e_Matem_Resol.pdf,pdf,document,8596.0703125,1588,0,0
1° Guerra Mundial.pdf,pdf,document,6800.056640625,1623,0,0
EUA XVII XIX.pdf,pdf,document,5233.619140625,1623,0,0
Exercicios EUA.pdf,pdf,document,1609.251953125,1623,0,0
Exercicios Revolução Francesa.pdf,pdf,document,1607.412109375,1623,0,0
Imperialismo e Neocolonialismo.pdf,pdf,document,4935.73046875,1623,0,0
Independência da América espanhola e do Haiti.pdf,pdf,document,1698.9990234375,1623,0,0
Ordem.docx,docx,document,11.767578125,1623,0,0
Revolução Francesa.pdf,pdf,document,5888.048828125,1671,0,0
Revolução Russa.pdf,pdf,document,3468.6201171875,1623,0,0
Citações.docx,docx,document,206.3232421875,1605,0,0
Citações.pptx,pptx,other,42.0107421875,1613,0,0
Meritocracia.docx,docx,document,11.767578125,1629,0,0
Rascunho- O acesso a internet no Brasil.docx,docx,document,18.0703125,1594,0,0
Redações nota 1000.docx,docx,document,22.6923828125,1615,0,0
~$dações nota 1000.docx,docx,document,0.158203125,1604,0,0
~$scunho- O acesso a internet no Brasil.docx,docx,document,0.158203125,1601,0,0
ENEM - 02.pdf,pdf,document,159.6005859375,1605,0,0
ENEM - 03.pdf,pdf,document,147.8310546875,1605,0,0
ENEM - 04.pdf,pdf,document,122.7880859375,1605,0,0
ENEM - 05.pdf,pdf,document,644.3603515625,1605,0,0
ENEM - 06.pdf,pdf,document,348.166015625,1605,0,0
ENEM - 07.pdf,pdf,document,296.388671875,1605,0,0
ENEM - 08.pdf,pdf,document,365.736328125,1605,0,0
ENEM - 09.pdf,pdf,document,67.384765625,1605,0,0
ENEM - 09F.pdf,pdf,document,264.6513671875,1605,0,0
ENEM - 10.pdf,pdf,document,270.005859375,1605,0,0
ENEM - 11.pdf,pdf,document,282.9150390625,1605,0,0
ENEM - 11S.pdf,pdf,document,154.2197265625,1605,0,0
ENEM - 12.pdf,pdf,document,287.2783203125,1605,0,0
ENEM - 13.pdf,pdf,document,215.853515625,1605,0,0
ENEM - 14.pdf,pdf,document,424.837890625,1605,0,0
ENEM - 15.pdf,pdf,document,413.205078125,1605,0,0
ENEM - 16.pdf,pdf,document,311.6318359375,1605,0,0
ENEM - 17.pdf,pdf,document,294.03125,1605,0,0
ENEM - 18.pdf,pdf,document,270.8779296875,1605,0,0
ENEM - 19-2.pdf,pdf,document,359.7724609375,1605,0,0
ENEM - 19-3.pdf,pdf,document,373.0927734375,1605,0,0
ENEM - 19.pdf,pdf,document,309.873046875,1605,0,0
ENEM - 20.pdf,pdf,document,323.115234375,1605,0,0
ENEM - 21-2.pdf,pdf,document,298.2724609375,1605,0,0
ENEM - 21.pdf,pdf,document,346.365234375,1605,0,0
ENEM - 21S.pdf,pdf,document,118.5615234375,1605,0,0
ENEM - 21S2.pdf,pdf,document,97.1533203125,1605,0,0
ENEM - 23.pdf,pdf,document,204.9912109375,1605,0,0
ENEM - 24.pdf,pdf,document,462.7529296875,1605,0,0
ENEM - 25-2.pdf,pdf,document,283.5546875,1605,0,0
ENEM - 25.pdf,pdf,document,271.224609375,1605,0,0
ENEM - 26-2.pdf,pdf,document,336.25,1605,0,0
ENEM - 26.pdf,pdf,document,232.115234375,1605,0,0
ENEM - 27.pdf,pdf,document,312.7734375,1605,0,0
ENEM - 28-2.pdf,pdf,document,267.3759765625,1605,0,0
ENEM - 28.pdf,pdf,document,501.9267578125,1605,0,0
ENEM - 28PM.pdf,pdf,document,812.6884765625,1605,0,0
ENEM - 28SS.pdf,pdf,document,497.5166015625,1605,0,0
ENEM - 29-2.pdf,pdf,document,188.662109375,1605,0,0
ENEM - 29-3.pdf,pdf,document,159.8515625,1605,0,0
ENEM - 29.pdf,pdf,document,313.431640625,1605,0,0
UERJ - 01.pdf,pdf,document,115.7275390625,1605,0,0
USP - 01.pdf,pdf,document,80.6953125,1605,0,0
USP - 02.pdf,pdf,document,322.3056640625,1605,0,0
USP - 03.pdf,pdf,document,308.5556640625,1605,0,0
USP - 04.pdf,pdf,document,179.7333984375,1605,0,0
USP - 05.pdf,pdf,document,469.908203125,1605,0,0
USP - 06.pdf,pdf,document,85.1396484375,1605,0,0
USP - 07.pdf,pdf,document,705.935546875,1605,0,0
USP - 08.pdf,pdf,document,87.228515625,1605,0,0
USP - 09.pdf,pdf,document,101.9013671875,1605,0,0
USP - 10.pdf,pdf,document,85.1767578125,1605,0,0
USP - 11.pdf,pdf,document,34.548828125,1605,0,0
USP - 12.pdf,pdf,document,308.5556640625,1605,0,0
USP - 13.pdf,pdf,document,83.013671875,1605,0,0
USP - 14.pdf,pdf,document,86.001953125,1605,0,0
USP - 15.pdf,pdf,document,353.482421875,1605,0,0
USP - 16.pdf,pdf,document,80.7001953125,1605,0,0
USP - 17.pdf,pdf,document,57.9150390625,1605,0,0
USP - 18.pdf,pdf,document,83.60546875,1605,0,0
USP - 19.pdf,pdf,document,83.8935546875,1605,0,0
USP - 20.pdf,pdf,document,118.6953125,1605,0,0
USP - 21.pdf,pdf,document,115.9560546875,1605,0,0
USP - 22.pdf,pdf,document,84.9033203125,1605,0,0
USP - 23.pdf,pdf,document,107.1865234375,1605,0,0
USP - 24.pdf,pdf,document,56.7080078125,1605,0,0
USP - 25.pdf,pdf,document,86.017578125,1605,0,0
USP - 26.pdf,pdf,document,120.25,1605,0,0
USP - 27.pdf,pdf,document,141.560546875,1605,0,0
USP - 28.pdf,pdf,document,105.0302734375,1605,0,0
USP - 29.pdf,pdf,document,159.958984375,1605,0,0
USP - 30.pdf,pdf,document,87.5185546875,1605,0,0
USP - 31.pdf,pdf,document,71.171875,1605,0,0
USP - 32.pdf,pdf,document,120.43359375,1605,0,0
USP - 33.pdf,pdf,document,137.3359375,1605,0,0
USP - 34.pdf,pdf,document,234.095703125,1605,0,0
USP - 35.pdf,pdf,document,230.361328125,1605,0,0
USP - 36.pdf,pdf,document,141.921875,1605,0,0
USP - 37.pdf,pdf,document,83.0478515625,1605,0,0
USP - 38.pdf,pdf,document,832.404296875,1605,0,0
USP - 39.pdf,pdf,document,81.9736328125,1605,0,0
USP - 40.pdf,pdf,document,141.8046875,1605,0,0
USP - 41.pdf,pdf,document,76.154296875,1605,0,0
USP - 42.pdf,pdf,document,85.912109375,1605,0,0
USP - 43.pdf,pdf,document,54.16796875,1605,0,0
USP - 44.pdf,pdf,document,126.4208984375,1605,0,0
USP - 45.pdf,pdf,document,104.4765625,1605,0,0
USP - 46.pdf,pdf,document,151.076171875,1605,0,0
USP - 47.pdf,pdf,document,100.923828125,1605,0,0
USP - 48.pdf,pdf,document,113.68359375,1605,0,0
USP - 49.pdf,pdf,document,107.888671875,1605,0,0
USP - 50.pdf,pdf,document,64.2763671875,1605,0,0
USP - 51.pdf,pdf,document,104.7060546875,1605,0,0
USP - 52.pdf,pdf,document,103.7548828125,1605,0,0
USP - 53.pdf,pdf,document,54.4892578125,1605,0,0
